unit	-	M1	M1	M1	M1	M1	M1	M1	M1	M1	M1	M1	M1	M1	M1	M1	M1	A1	A1	A1	A1	A1	A1	A1	A1	A1	A1	A1	A1	A1	A1	A1	A1	A2	A2	A2	A2	A2	A2	A2	A2	A2	A2	A2	A2	A2	A2	A2	A2	O1	O1	O1	O1	O1	O1	O1	O1	O1	O1	O1	O1	O1	O1	O1	O1	O2	O2	O2	O2	O2	O2	O2	O2	O2	O2	O2	O2	O2	O2	O2	O2	O3	O3	O3	O3	O3	O3	O3	O3	O3	O3	O3	O3	O3	O3	O3	O3	S1	S1	S1	S1	S1	S1	S1	S1	S1	S1	S1	S1	S1	S1	S1	S1	C1	C1	C1	C1	C1	C1	C1	C1	C1	C1	C1	C1	C1	C1	C1	C1	C1	C1	C1	C1	C1	C1	C1	C1	C1	C1	S2	S2	S2	S2	S2	S2	S2	S2	S2	S2	S2	S2	S2	S2	S2	S2
variable	t [d]	S_I [mg/L]	S_S [mg/L]	X_I [mg/L]	X_S [mg/L]	X_BH [mg/L]	X_BA [mg/L]	X_P [mg/L]	S_O [mg/L]	S_NO [mg/L]	S_NH [mg/L]	S_ND [mg/L]	X_ND [mg/L]	S_ALK [mg/L]	S_N2 [mg/L]	H2O [mg/L]	Q [m3/d]	S_I [mg/L]	S_S [mg/L]	X_I [mg/L]	X_S [mg/L]	X_BH [mg/L]	X_BA [mg/L]	X_P [mg/L]	S_O [mg/L]	S_NO [mg/L]	S_NH [mg/L]	S_ND [mg/L]	X_ND [mg/L]	S_ALK [mg/L]	S_N2 [mg/L]	H2O [mg/L]	Q [m3/d]	S_I [mg/L]	S_S [mg/L]	X_I [mg/L]	X_S [mg/L]	X_BH [mg/L]	X_BA [mg/L]	X_P [mg/L]	S_O [mg/L]	S_NO [mg/L]	S_NH [mg/L]	S_ND [mg/L]	X_ND [mg/L]	S_ALK [mg/L]	S_N2 [mg/L]	H2O [mg/L]	Q [m3/d]	S_I [mg/L]	S_S [mg/L]	X_I [mg/L]	X_S [mg/L]	X_BH [mg/L]	X_BA [mg/L]	X_P [mg/L]	S_O [mg/L]	S_NO [mg/L]	S_NH [mg/L]	S_ND [mg/L]	X_ND [mg/L]	S_ALK [mg/L]	S_N2 [mg/L]	H2O [mg/L]	Q [m3/d]	S_I [mg/L]	S_S [mg/L]	X_I [mg/L]	X_S [mg/L]	X_BH [mg/L]	X_BA [mg/L]	X_P [mg/L]	S_O [mg/L]	S_NO [mg/L]	S_NH [mg/L]	S_ND [mg/L]	X_ND [mg/L]	S_ALK [mg/L]	S_N2 [mg/L]	H2O [mg/L]	Q [m3/d]	S_I [mg/L]	S_S [mg/L]	X_I [mg/L]	X_S [mg/L]	X_BH [mg/L]	X_BA [mg/L]	X_P [mg/L]	S_O [mg/L]	S_NO [mg/L]	S_NH [mg/L]	S_ND [mg/L]	X_ND [mg/L]	S_ALK [mg/L]	S_N2 [mg/L]	H2O [mg/L]	Q [m3/d]	S_I [mg/L]	S_S [mg/L]	X_I [mg/L]	X_S [mg/L]	X_BH [mg/L]	X_BA [mg/L]	X_P [mg/L]	S_O [mg/L]	S_NO [mg/L]	S_NH [mg/L]	S_ND [mg/L]	X_ND [mg/L]	S_ALK [mg/L]	S_N2 [mg/L]	H2O [mg/L]	Q [m3/d]	S_I [mg/L]	S_S [mg/L]	X_I [mg/L]	X_S [mg/L]	X_BH [mg/L]	X_BA [mg/L]	X_P [mg/L]	S_O [mg/L]	S_NO [mg/L]	S_NH [mg/L]	S_ND [mg/L]	X_ND [mg/L]	S_ALK [mg/L]	S_N2 [mg/L]	H2O [mg/L]	TSS1 [mg/L]	TSS2 [mg/L]	TSS3 [mg/L]	TSS4 [mg/L]	TSS5 [mg/L]	TSS6 [mg/L]	TSS7 [mg/L]	TSS8 [mg/L]	TSS9 [mg/L]	TSS10 [mg/L]	Q [m3/d]	S_I [mg/L]	S_S [mg/L]	X_I [mg/L]	X_S [mg/L]	X_BH [mg/L]	X_BA [mg/L]	X_P [mg/L]	S_O [mg/L]	S_NO [mg/L]	S_NH [mg/L]	S_ND [mg/L]	X_ND [mg/L]	S_ALK [mg/L]	S_N2 [mg/L]	H2O [mg/L]	Q [m3/d]
0	0.0	29.999999999999993	14.611592000000345	1149.1252107659557	89.3302320241024	2542.1709894494525	148.46224049879763	448.1813939283592	0.3927519999999975	8.332159999999947	7.698640000000149	1.9406240000000312	5.61376870772109	56.40576000000017	0.0	197710.16707258858	92229.99999999764	30.0	5.0	1000.0	100.0	500.0	100.0	100.0	2.0	20.0	2.0	1.0	1.0	84.0	0.0	0.0	92229.99999999607	30.0	5.0	1000.0	100.0	500.0	100.0	100.0	2.0	20.0	2.0	1.0	1.0	84.0	0.0	0.0	92229.99999999607	30.0	5.0	1000.0	100.0	500.0	100.0	100.0	2.0	20.0	2.0	1.0	1.0	84.0	0.0	0.0	92229.99999999607	30.0	5.0	1000.0	100.0	500.0	100.0	100.0	2.0	20.0	2.0	1.0	1.0	84.0	0.0	0.0	92229.99999999607	30.0	0.88949	1149.1252	49.3056	2559.3436	149.7971	452.2111	0.49094	10.4152	1.7333	0.68828	3.5272	49.507200000000005	0.0	0.0	92229.99999999607	30.0	0.88949	1149.1252	49.3056	2559.3436	149.7971	452.2111	0.49094	10.4152	1.7333	0.68828	3.5272	49.507200000000005	0.0	0.0	92229.99999999607	30.0	0.88949	0.0	0.0	0.0	0.0	0.0	0.49094	10.4152	1.7333	0.68828	0.0	49.507200000000005	0.0	0.0	36891.99999999843	12.4969	18.1132	29.5402	68.9781	356.0747	356.0747	356.0747	356.0747	356.0747	6393.9844	30.0	0.88949	2247.0504538297787	96.41436012050693	5004.654147247264	292.9199024939883	884.2736696417968	0.49094	10.4152	1.7333	0.68828	6.897243538605189	49.507200000000005	0.0	0.0	18831.0
1	0.5	29.999999999999993	14.744299795367661	759.5858400401767	75.83682379496042	1657.7500160692794	97.00025041278252	288.4733475280897	0.8271499754137398	9.297208062212505	9.389530793526003	2.0450885081281367	4.585517181367766	62.8789777936844	10.596700107745038	687146.8577988027	92229.99999999764	30.0	3.8777325463980046	759.606893589557	68.79091196416064	1665.5987959232746	96.92405548710954	288.53995964249407	0.01209446385982278	6.93804697203639	9.389331038648585	1.4662432732254522	4.250114276524673	65.02317022476404	12.90776971307953	680971.7797627117	92229.99999999607	30.0	1.9363731128688535	759.6871820664459	62.893824293819065	1666.6408693234591	96.8386464735687	288.59673340230955	0.00023108303954595192	5.491970834408415	9.684483518104338	1.1322112969543165	3.9709457587635875	66.64082280878293	14.247394920220282	674666.5313829293	92229.99999999607	30.0	1.4159241403038458	759.9124834391575	52.533620547704864	1668.206204164034	97.27555442536116	288.6530559742447	2.7862311612325206	7.696037229845796	7.608743051240307	1.0152497279239603	3.4106837045735725	63.14482619778025	14.158366269480462	666022.3345007029	92229.99999999607	30.0	1.1967691977950772	760.2705727378415	44.240429127761644	1668.0611490208425	97.71618087374277	288.6871896979159	3.5839772191108783	9.910650780990654	5.559592243892115	0.9142857783419629	2.9561965597913726	59.668508378020206	14.031904058855314	657130.2442624981	92229.99999999607	30.0	1.0430276675558514	760.7777536065527	38.01039134261538	1666.3540699257635	98.03541447793252	288.69609313279176	1.0048508274510257	11.450064918937594	4.065545995859025	0.817642495739142	2.614224430702497	57.25309546349134	14.027036843190038	647980.9795375272	92229.99999999607	30.0	1.0430276675558514	760.7777536065527	38.01039134261538	1666.3540699257635	98.03541447793252	288.69609313279176	1.0048508274510257	11.450064918937594	4.065545995859025	0.817642495739142	2.614224430702497	57.25309546349134	14.027036843190038	647980.9795375272	92229.99999999607	30.0	1.0924159741691375	0.0	0.0	0.0	0.0	0.0	1.12119739471566	12.13584555424999	3.19101598005229	0.8225150534231204	0.0	58.635602577946656	10.902390009155452	503240.5150185039	36891.99999999843	10.555622032878924	15.903073736047709	26.048560494504848	58.41726010003448	267.3238956948035	267.73913818291885	267.2867076906046	267.7010510573883	267.24945686798407	4166.940166327096	30.0	1.0924159741691375	1464.3959393812224	62.83294494695156	3261.5178705691264	190.89500863011529	576.278458242075	1.12119739471566	12.13584555424999	3.19101598005229	0.8225150534231204	4.494912614731122	58.635602577946656	10.902390009155452	503240.5150185039	18831.0
2	1.0	29.999999999999993	14.72243427694942	781.4061763995371	76.97844416104682	1729.4795777401134	100.34200302782128	301.4010091832886	0.7003542392858686	8.593640182191155	10.162742179219217	2.0318538809409072	4.672300692828249	60.61266071322976	14.765778016079153	868741.6576127067	92229.99999999764	30.0	3.76980707792837	780.8077852222956	70.00142407436192	1737.9733786968907	100.21951480085838	301.60928950317407	0.009801506470066546	6.142300978644005	10.218845028226744	1.4363026513483703	4.342607575288765	62.80921121243734	17.213565882104326	866297.5737676285	92229.99999999607	30.0	1.8854578939656326	780.2098371285127	64.20847427448999	1739.594184762796	100.08546232857572	301.8169987663289	0.0001882256160966629	4.662019823064671	10.55665941934135	1.099272788425694	4.071315611043123	64.41585931008412	18.641004896148427	863803.6242848171	92229.99999999607	30.0	1.3868179288192932	779.4138491155918	53.7115279022822	1742.257302272074	100.47024739352186	302.09298841062025	2.672304563299334	6.913714800717052	8.437276734199358	0.9915996360164502	3.502445855145881	60.735343063084336	18.66631384378185	860388.1549362264	92229.99999999607	30.0	1.174577040815467	778.6192808970234	45.31921066202063	1743.3130146733245	100.85326131637098	302.36747177228926	3.428922415004154	9.193077348895315	6.3317984373390805	0.8960074975168985	3.041565909384713	57.044842354386965	18.65605552382706	856879.1547234588	92229.99999999607	30.0	1.0263225106103009	777.8265173997642	39.0842197413296	1742.8771053168357	101.0866939352697	302.6398545050036	0.8650880277738655	10.695162967878398	4.85967302028605	0.801139329455226	2.6995677118843724	54.56531558474914	18.79870016403755	853274.0582862275	92229.99999999607	30.0	1.0263225106103009	777.8265173997642	39.0842197413296	1742.8771053168357	101.0866939352697	302.6398545050036	0.8650880277738655	10.695162967878398	4.85967302028605	0.801139329455226	2.6995677118843724	54.56531558474914	18.79870016403755	853274.0582862275	92229.99999999607	30.0	1.0332038529146341	0.0	0.0	0.0	0.0	0.0	0.9065071131077914	10.882712007321073	4.674691835237261	0.8058514163387095	0.0	55.367356811900436	17.432789588283537	795335.2778419213	36891.99999999843	10.699271714147216	16.07402028978328	26.328990162982052	59.26917465338534	274.1216111342311	274.5032393790375	274.0877135487384	274.46951870494166	274.0537989045808	4331.852159898314	30.0	1.0332038529146341	1522.3513297983907	65.31956158124103	3390.596572750081	198.44993333329782	599.0854824014352	0.9065071131077914	10.882712007321073	4.674691835237261	0.8058514163387095	4.672800328487902	55.367356811900436	17.432789588283537	795335.2778419213	18831.0
3	1.5	29.999999999999993	14.711332175879013	808.3823830096301	77.99897020171706	1789.9411241101768	103.90188394683113	312.17563360109955	0.638635944771458	8.479727628339996	10.141271946551617	2.02208624027894	4.74812496926962	59.295195234535726	16.659446228484995	940895.9197547117	92229.99999999764	30.0	3.675917939954816	807.815662213232	71.00748415622009	1798.5358235356175	103.7822296868318	312.4237075448933	0.00871378147569904	5.970389289100065	10.221109020297009	1.4149070710886151	4.418777410213064	61.53330571963316	19.186232795264292	939923.788371863	92229.99999999607	30.0	1.841606709607598	807.2480229249161	65.2186438548423	1800.157332838534	103.65181172052674	312.6714827269124	0.0001630913649451439	4.468266450194084	10.575374248702959	1.0771241294835823	4.148826335956048	63.14369663376463	20.660659176573727	938931.8260856043	92229.99999999607	30.0	1.3631812582999585	806.4897307502353	54.61428158931745	1802.930440216237	104.05860912572363	313.0014758738494	2.5815022927389935	6.777793090440133	8.398368785512071	0.9748028954067736	3.573162687188137	59.3243935766102	20.734772411821933	937573.338297882	92229.99999999607	30.0	1.1569287557270012	805.7298134105379	46.144453893155465	1804.0882175927613	104.46334132065832	313.33061116606115	3.31887112954126	9.11591289873277	6.237183638753717	0.8826045181126453	3.1072033673672443	55.49486230387905	20.772872161309255	936177.6572895548	92229.99999999607	30.0	1.013069792242286	804.9682756230217	39.89576651319842	1803.7156587325144	104.70294841708544	313.658342007605	0.7928131654770902	10.593966089329292	4.775909796561673	0.7891526774460583	2.764416167361927	53.003194618178995	20.98368952477801	934743.7647622305	92229.99999999607	30.0	1.013069792242286	804.9682756230217	39.89576651319842	1803.7156587325144	104.70294841708544	313.658342007605	0.7928131654770902	10.593966089329292	4.775909796561673	0.7891526774460583	2.764416167361927	53.003194618178995	20.98368952477801	934743.7647622305	92229.99999999607	30.0	1.0174515026666782	0.0	0.0	0.0	0.0	0.0	0.8147402274260547	10.616739873712532	4.818630343072343	0.7929731690563634	0.0	53.46639231814101	20.346162568091405	911697.4691239316	36891.99999999843	10.83220227810234	16.23096024408316	26.58476191065361	60.04568331390077	280.3742199947396	280.72543189582365	280.3432476540898	280.6946212976481	280.31226000866667	4484.615250350251	30.0	1.0174515026666782	1575.8070881790845	67.98755146898502	3510.3886443533547	205.40057448290008	619.9031419826911	0.8147402274260547	10.616739873712532	4.818630343072343	0.7929731690563634	4.857376344262093	53.46639231814101	20.346162568091405	911697.4691239316	18831.0
4	2.0	29.999999999999993	14.701353118639826	833.5029566770859	78.91194855352194	1845.8227531731004	107.19512660602258	322.10445733936797	0.5990374508211448	8.502662836937349	9.919939895516274	2.013577916865486	4.816292895595452	58.530289312505914	17.627368598218315	969595.7120117178	92229.99999999764	30.0	3.589434657217503	832.9780512874936	71.89064878085806	1854.5154594370376	107.07875455325842	322.38389149270006	0.007965181782164182	5.947592822071606	10.013663438834785	1.3965571267423647	4.486222123413259	60.80816849947834	20.20907517301388	969209.039025228	92229.99999999607	30.0	1.8013412880941082	832.4522642067818	66.08317627125568	1856.1453037635697	106.95218083119681	322.66309040588783	0.00014920862624490734	4.427256884555255	10.376399474350709	1.0587314886921648	4.216061765387	62.42986758849333	21.713416910154514	968814.478144993	92229.99999999607	30.0	1.3415138081650906	831.7498201425304	55.39325214447284	1858.9989956515922	107.37835778311138	323.03511182829294	2.5057255489755934	6.7889287008775225	8.145903303636526	0.9603578506156293	3.634957995728861	58.50418299067522	21.810738276468015	968274.1288471797	92229.99999999607	30.0	1.1406852079590077	831.0458029904285	46.863353668178014	1860.2290926532637	107.80107575644212	323.4064158396385	3.2319303409863447	9.174947614240933	5.937811759853377	0.8708079556385915	3.1650182186055913	54.57711977977235	21.87084764534211	967718.9856660942	92229.99999999607	30.0	1.0007030264444239	830.340209566901	40.605299340605725	1859.8959588849782	108.04562868835636	323.7764469083175	0.7451083978520149	10.63174230237987	4.4857902752595145	0.7786365413180589	2.821677220780267	52.09488872717824	22.11883217572305	967148.6435693058	92229.99999999607	30.0	1.0007030264444239	830.340209566901	40.605299340605725	1859.8959588849782	108.04562868835636	323.7764469083175	0.7451083978520149	10.63174230237987	4.4857902752595145	0.7786365413180589	2.821677220780267	52.09488872717824	22.11883217572305	967148.6435693058	92229.99999999607	30.0	1.0046565138643389	0.0	0.0	0.0	0.0	0.0	0.7598620605497143	10.61808727754749	4.582328651801983	0.7819799603730988	0.0	52.36678038099451	21.78034646392304	957981.7939877505	36891.99999999843	10.955155435337684	16.37509802910355	26.81827771236472	60.75416064468502	286.12571148658753	286.44901006125394	286.0973744183508	286.4208187741976	286.069023761908	4626.004186183487	30.0	1.0046565138643389	1625.294154684724	70.4238447457874	3621.255889210559	211.8387469650454	639.1929459718914	0.7598620605497143	10.61808727754749	4.582328651801983	0.7819799603730988	5.02643281563621	52.36678038099451	21.78034646392304	957981.7939877505	18831.0
5	2.5	29.999999999999993	14.692441502223296	856.7564052826965	79.74479657048832	1897.5211555160165	110.23925086985294	331.29884035763746	0.5696731509939489	8.544809718561593	9.671480832847761	2.006141803067896	4.878645135825944	58.060230447258135	18.20528915813889	981011.2835312986	92229.99999999764	30.0	3.5125836365621046	856.2706254927648	72.69299432535998	1906.3046299348548	110.1259848825382	331.6072558949815	0.007518925452436495	5.950832223529881	9.775640450249588	1.380369789558839	4.547706718393191	60.37589649519537	20.829691321158837	980857.481260101	92229.99999999607	30.0	1.7659061362031259	855.7840276335974	66.8648186629715	1907.9454367964106	110.00293227328831	331.9154872219626	0.00013240450897145304	4.414392537948137	10.144146659362725	1.042694721878017	4.277115877643472	62.01174509333891	22.355721360178137	980700.5415161258	92229.99999999607	30.0	1.3223435696049095	855.1339358465614	56.100095154258256	1910.871417507854	110.44621355266096	332.32632052790666	2.4390593769761897	6.822584050759106	7.865080916193169	0.9477169218279828	3.6912402114773446	57.99825632280727	22.46583860007039	980485.6132637452	92229.99999999607	30.0	1.1262674446708192	854.4823839912224	47.51785743786624	1912.166438501334	110.884157927298	332.7365456956824	3.1578683159426335	9.24892400468119	5.616863810656386	0.8604579873097107	3.217814954557568	53.995767337622034	22.53727604286471	980264.8006260697	92229.99999999607	30.0	0.989674877004317	853.8293688351511	41.25134267207145	1911.8697553100237	111.13236736117867	333.1455968786751	0.7092925450243635	10.6851933735239	4.1743789341745625	0.7694474837208757	2.873966484323581	51.53265492725435	22.80935418778281	980037.9424982197	92229.99999999607	30.0	0.989674877004317	853.8293688351511	41.25134267207145	1911.8697553100237	111.13236736117867	333.1455968786751	0.7092925450243635	10.6851933735239	4.1743789341745625	0.7694474837208757	2.873966484323581	51.53265492725435	22.80935418778281	980037.9424982197	92229.99999999607	30.0	0.9931828801019633	0.0	0.0	0.0	0.0	0.0	0.7204881198966918	10.668468472236535	4.274267361714144	0.7723665641767039	0.0	51.703187454527296	22.59838322734657	976391.7547989088	36891.99999999843	11.068876934956048	16.507573691869847	27.031753292428895	61.401442824824905	291.419150715385	291.7169218734419	291.39318777419777	291.69109055721793	291.3672127207554	4756.820212359093	30.0	0.9931828801019633	1671.093919908025	72.64995483622154	3723.8265116500197	217.7991522657299	657.0574111521676	0.7204881198966918	10.668468472236535	4.274267361714144	0.7723665641767039	5.1813262261586885	51.703187454527296	22.59838322734657	976391.7547989088	18831.0
6	3.0	29.999999999999993	14.684602709025796	878.2753238144268	80.51051980249764	1945.3425966971693	113.05439853022501	339.8124149811284	0.5463449727601656	8.578763283785948	9.442393195775935	1.9996486555761248	4.936060145199185	57.746874748194244	18.608997550166805	985551.9183539366	92229.99999999764	30.0	3.444783309099815	877.8257935623199	73.43137223472284	1954.2075365538208	112.94404708311183	340.14767587149896	0.006990829595414216	5.950741421087593	9.555463694126841	1.3659581951086088	4.604357691573485	60.09756664102969	21.268912311590462	985490.7422711386	92229.99999999607	30.0	1.735028697246289	877.3755059395949	67.58596934773365	1955.8581451599744	112.82422943805093	340.4828000683625	0.0001289567070340071	4.3996982563519484	9.928706507184014	1.0284670929287119	4.333477876905614	61.748162938846505	22.81237141715439	985428.3182334633	92229.99999999607	30.0	1.3055436551005388	876.7739237566343	56.7536122398148	1958.8506303277427	113.28290631494941	340.9295853759204	2.3791285274464227	6.84947962920709	7.60572308502	0.9365853159507567	3.7432759925267303	57.65887648056488	22.93092062150843	985342.8288030343	92229.99999999607	30.0	1.1136086898631736	876.1709897671992	48.12365827073288	1960.2054444220494	113.7341863541739	341.3758641171599	3.092671048355811	9.310445533912041	5.322797584434161	0.8513840238300076	3.266665992805177	53.5943839478532	23.009240865927485	985254.998811317	92229.99999999607	30.0	0.97998292210405	875.56670094043	41.84868587289905	1959.9430515450028	113.98527867994491	341.82106117919426	0.6806827742433375	10.726590435828527	3.8904276517517085	0.7614231928893196	2.9223073478377923	51.15454644920562	23.29943912968666	985164.7641775579	92229.99999999607	30.0	0.97998292210405	875.56670094043	41.84868587289905	1959.9430515450028	113.98527867994491	341.82106117919426	0.6806827742433375	10.726590435828527	3.8904276517517085	0.7614231928893196	2.9223073478377923	51.15454644920562	23.29943912968666	985164.7641775579	92229.99999999607	30.0	0.9830647788150766	0.0	0.0	0.0	0.0	0.0	0.6896765410708506	10.714045111444577	3.980683023623536	0.7639736992125187	0.0	51.27073439335392	23.146670361774838	983714.4638740811	36891.99999999843	11.174075506237465	16.629428620268232	27.22716541888613	61.99361775691231	296.2941630769509	296.56858146192207	296.270344483179	296.5448820405206	296.246515043782	4877.843950856091	30.0	0.9830647788150766	1713.476516250852	74.68654139378614	3818.713828850836	223.31615661129067	673.5988913680621	0.6896765410708506	10.714045111444577	3.980683023623536	0.7639736992125187	5.3233786824822555	51.27073439335392	23.146670361774838	983714.4638740811	18831.0
7	3.5	29.999999999999993	14.677718076584693	898.1882815296332	81.21639826308721	1989.5771051216889	115.65835819018348	347.69485370715773	0.5271734668300337	8.600790112621638	9.241722375503409	1.9939599839705044	4.98904696411075	57.52103137760303	18.926840602259194	987357.9921505417	92229.99999999764	30.0	3.384987101573466	897.7723012419009	74.11365576426006	1998.5145209721727	115.5507277551276	348.05496976941095	0.006687732662242345	5.942500037435078	9.362835559783814	1.3530546495160167	4.656730773561535	59.90384802721281	21.617508639504035	987333.6588745931	92229.99999999607	30.0	1.7080770217391998	897.3556201137148	68.2550383806799	2000.1732217566578	115.43389780265026	348.414993032077	0.00011881257469862392	4.378199339719002	9.740252017104652	1.0157496683419227	4.385747191475156	61.56865763007402	23.175824547996594	987308.8292146166	92229.99999999607	30.0	1.290804287234733	896.7989360522604	57.36085952715478	2003.2272330128487	115.90655191718504	348.8950651850285	2.3247863155586064	6.8653004204178405	7.37754560413493	0.9267356511958266	3.791581824401061	57.41233798573421	23.300866435551807	987274.8251102971	92229.99999999607	30.0	1.1024884525204008	896.2410010651574	48.68679974638872	2004.6374392747573	116.36969617700838	349.3747251169037	3.0344601813113394	9.356370875000705	5.064361402046837	0.8434038235576947	3.312024077028474	53.29508165112732	23.384120877181577	987239.890029016	92229.99999999607	30.0	0.9714705407050075	895.6818123381564	42.40329821799725	2004.4072923776534	116.62314546437152	349.8533893181768	0.6571081990905481	10.752932723584845	3.6424955114199586	0.7543907325608172	2.967149623648135	50.87998118724104	23.689330009076023	987203.9984821408	92229.99999999607	30.0	0.9714705407050075	895.6818123381564	42.40329821799725	2004.4072923776534	116.62314546437152	349.8533893181768	0.6571081990905481	10.752932723584845	3.6424955114199586	0.7543907325608172	2.967149623648135	50.87998118724104	23.689330009076023	987203.9984821408	92229.99999999607	30.0	0.974178760806755	0.0	0.0	0.0	0.0	0.0	0.6645427368785644	10.745152392354205	3.721125343256094	0.7566277221699329	0.0	50.96521332629172	23.566212984068677	986627.1299433499	36891.99999999843	11.271406411811464	16.741597565770377	27.406256765690323	62.53604690597686	300.7865592734386	301.0395895350924	300.76468322816334	301.01782168822587	300.74279743006684	4989.80862818223	30.0	0.974178760806755	1752.6959706337007	76.55209666143858	3906.493648475471	228.42235455780343	688.9141005812592	0.6645427368785644	10.745152392354205	3.721125343256094	0.7566277221699329	5.453785949609113	50.96521332629172	23.566212984068677	986627.1299433499	18831.0
8	4.0	29.999999999999993	14.671653488145388	916.6151198940495	81.86777216222178	2030.4950149866718	118.06723041045453	354.9925617930402	0.5111219115039025	8.612496155013677	9.068202198219936	1.9889542602678763	5.037987675186474	57.34836055698394	19.196037695560754	988076.3724401228	92229.99999999764	30.0	3.332026374235322	916.2301828854603	74.74479688751613	2039.496993088737	117.96213883869628	355.37568592282526	0.006391621972918377	5.927142763337773	9.19668398597118	1.341461786192158	4.705192674185784	59.7604066172071	21.913871322678528	988066.6936851046	92229.99999999607	30.0	1.6844480142191394	915.8445974309084	68.8765625621665	2041.1620977882205	117.84806841852287	355.75875766450616	0.00011273969029566867	4.3507287307986005	9.57790049855045	1.0043327470846528	4.434272015786309	61.43856681858083	23.48531745577861	988056.8174893714	92229.99999999607	30.0	1.2778225319110659	915.3294572090431	57.92565582724764	2044.2730982139362	118.33346220476484	356.2696427735717	2.275324841395716	6.871427955695298	7.179209161121982	0.9179841344981615	3.836462377827611	57.222208143417376	23.61589079010756	988043.2920850641	92229.99999999607	30.0	1.0926850184889008	914.8131595759575	49.21066833712955	2045.7346913267922	118.80724125741678	356.7802031229643	2.9821406609108663	9.388873288932668	4.839496502696649	0.8363571123774053	3.3541664029112557	53.05919883976439	23.70314262344607	988029.3963772285	92229.99999999607	30.0	0.9639698568438477	914.2957019255514	42.918641626513335	2045.5348191375351	119.06265721139387	357.2898475513481	0.6373406508570868	10.76657687784358	3.4282705034519347	0.7482001565038301	3.0087753467766176	50.66896410203632	24.0214522712209	988015.1202275577	92229.99999999607	30.0	0.9639698568438477	914.2957019255514	42.918641626513335	2045.5348191375351	119.06265721139387	357.2898475513481	0.6373406508570868	10.76657687784358	3.4282705034519347	0.7482001565038301	3.0087753467766176	50.66896410203632	24.0214522712209	988015.1202275577	92229.99999999607	30.0	0.9663578701937534	0.0	0.0	0.0	0.0	0.0	0.6435876049483004	10.762750141538167	3.496199480742819	0.7501708318277579	0.0	50.7349104788106	23.91583166414191	987785.6661550135	36891.99999999843	11.36147135663228	16.84491770607256	27.570563782202647	63.033452746136966	304.92859820651705	305.1620147633155	304.9084867818702	305.1420018193769	304.8883665541875	5093.395120406321	30.0	0.9663578701937534	1788.9884936936003	78.26293593156358	3987.700617520725	233.14818041809355	703.0932663111536	0.6435876049483004	10.762750141538167	3.496199480742819	0.7501708318277579	5.573612335602322	50.7349104788106	23.91583166414191	987785.6661550135	18831.0
9	4.5	29.999999999999993	14.666290260685948	933.6669323492803	82.46916426451828	2068.346629708966	120.29577223119288	361.74867870634034	0.4975185743301202	8.616169425969908	8.918305986995296	1.984530610368161	5.083209582745971	57.21119855199852	19.433076469591278	988362.1139427209	92229.99999999764	30.0	3.2849713101351656	933.310717327177	75.3288904313499	2077.406211458455	120.19304431059084	362.15309946594397	0.006200568116772026	5.90648085352004	9.05358763672925	1.331013454365837	4.7500517602687005	59.6498189621785	22.17520011064107	988358.2641405447	92229.99999999607	30.0	1.6636327548972305	932.9539023524051	69.45398213715877	2079.0763131383505	120.08152602173571	362.5575050164898	0.00010446679500367708	4.319012718404344	9.438282838916084	0.9940505163541071	4.479325740875317	61.340320711430905	23.75843271479654	988354.335804746	92229.99999999607	30.0	1.2663404707120893	932.477199541124	58.45093302359586	2082.24010419157	120.57855574578419	363.09691082712123	2.230214685172808	6.870033560369811	7.006938228646319	0.910179608464466	3.8781603249566747	57.06982588770136	23.893979884980155	988348.9559670667	92229.99999999607	30.0	1.0840077417622072	931.9994258739044	49.697921972627874	2083.74938296603	121.0619081802016	363.6360729014201	2.9349386318151276	9.410707049129707	4.643864829251518	0.8301098632078716	3.3933180839288895	52.86672125591744	23.984710068760585	988343.428838199	92229.99999999607	30.0	0.957334325624091	931.520578939296	43.39745345957124	2083.5778971232335	121.31898659911546	364.1743930876606	0.6205712194409618	10.770408133011829	3.2432047440439624	0.7427274231759576	3.047414396792392	50.500807311233885	24.314747884064005	988337.7503855501	92229.99999999607	30.0	0.957334325624091	931.520578939296	43.39745345957124	2083.5778971232335	121.31898659911546	364.1743930876606	0.6205712194409618	10.770408133011829	3.2432047440439624	0.7427274231759576	3.047414396792392	50.500807311233885	24.314747884064005	988337.7503855501	92229.99999999607	30.0	0.9594483265558402	0.0	0.0	0.0	0.0	0.0	0.62587921332776	10.769622730814715	3.3019157028434374	0.7444707823127854	0.0	50.553570826290446	24.22113869576554	988246.4831940391	36891.99999999843	11.444822612415125	16.94014066246126	27.721446274780252	63.49001062536768	308.74938610729504	308.96479512740643	308.73088157524086	308.94638042538946	308.7123690716692	5189.2334690060725	30.0	0.9594483265558402	1822.5729249285262	79.83346094387221	4062.8294571750744	237.52190135862014	716.2202142687162	0.62587921332776	10.769622730814715	3.3019157028434374	0.7444707823127854	5.683804723352501	50.553570826290446	24.22113869576554	988246.4831940391	18831.0
10	5.0	29.999999999999993	14.661529093574707	949.4465460720015	83.0246132067503	2103.363268137012	122.3575786627064	368.0032317701629	0.4858822507361852	8.613788259542165	8.788461114777435	1.9806060097369385	5.125006766957387	57.09974393890502	19.64591031866336	988475.7699094776	92229.99999999764	30.0	3.242997291245091	949.1169051102391	75.86952442555105	2112.4744007713857	122.25705019542127	368.42736433007326	0.006017802493904606	5.8821597634405585	8.930020668741037	1.321573736529058	4.791580712130602	59.56250617977991	22.409885824578787	988474.2386198882	92229.99999999607	30.0	1.64521578089469	948.7867090606812	69.9903601759002	2114.148287961023	122.14789118234097	368.8515158876539	9.847644994771667e-05	4.284577643462137	9.31791790876994	0.9847648536717463	4.521153260909953	61.264375868418746	24.00380160623062	988472.6760929225	92229.99999999607	30.0	1.2561448200882244	948.345569176383	58.939326105548375	2117.3609794459558	122.65556349188307	369.4173197281515	2.189016611618424	6.863018595022273	6.856894926953228	0.9031965336553773	3.916894575091883	56.94487677431194	24.14393493715983	988470.5362194814	92229.99999999607	30.0	1.0762981718363418	947.9034385159985	50.15097207515287	2118.914512668348	123.14755943878461	369.98295487394364	2.8922395838601105	9.424232318190544	4.473171884021485	0.8245510414861481	3.4296836187071573	52.7064021007181	24.23780298160027	988468.3377597926	92229.99999999607	30.0	0.9514417532038087	947.4603148486557	43.84220923215283	2118.7696146983358	123.40605685468044	370.5478167777609	0.6062152405240285	10.766861249260323	3.082850160100486	0.7378704721540159	3.083275114799525	50.36391668617736	24.578468457444874	988466.07910986	92229.99999999607	30.0	0.9514417532038087	947.4603148486557	43.84220923215283	2118.7696146983358	123.40605685468044	370.5478167777609	0.6062152405240285	10.766861249260323	3.082850160100486	0.7378704721540159	3.083275114799525	50.36391668617736	24.578468457444874	988466.07910986	92229.99999999607	30.0	0.9533202082604771	0.0	0.0	0.0	0.0	0.0	0.6107655321088815	10.768357549930485	3.1337550935846252	0.7394186322224988	0.0	50.40696963599301	24.49414622098324	988429.7768548857	36891.99999999843	11.52196771755543	17.027943620239018	27.86011324401224	63.90942891311301	312.27525910987663	312.47411837435277	312.258220905297	312.45716226135306	312.2411754621451	5277.90611400622	30.0	0.9533202082604771	1853.6517858140496	81.27643833728827	4132.337496590001	241.56972274949197	728.3727085175333	0.6107655321088815	10.768357549930485	3.1337550935846252	0.7394186322224988	5.785208490388183	50.40696963599301	24.49414622098324	988429.7768548857	18831.0
11	5.5	29.999999999999993	14.657287648934208	964.049095891303	83.53778486906586	2135.758619910065	124.26519908138005	373.79333337286823	0.47584942362855337	8.606916211493488	8.675557580987086	1.9771118077887087	5.163647324195265	57.0079847368923	19.838888394202613	988520.9774787743	92229.99999999764	30.0	3.205406404519605	963.7440419049188	76.36996708166336	2144.916038547843	124.16671749985525	374.2357104615458	0.005724801991354551	5.855479170255149	8.822904386167057	1.313027971654138	4.830028653534156	59.49266838077914	22.62258744623778	988520.3683960998	92229.99999999607	30.0	1.6288570178412072	963.4384743345025	70.48854093459539	2146.5926530366387	124.05973740001797	374.67813802649766	0.00010037494620771755	4.2486090206183516	9.213765078084867	0.9763587641360028	4.559981546442516	61.20502112421439	24.226247683281457	988519.7468885094	92229.99999999607	30.0	1.247059352487659	963.0302381268888	59.39330313122232	2149.850642194038	124.57715427821744	375.26837470215605	2.151349993383212	6.851889427644399	6.725727045236173	0.8969298250869112	3.9528691273859216	56.84105036480211	24.370655486064262	988518.8957367431	92229.99999999607	30.0	1.0694249382195204	962.6210852239626	50.57208756751575	2151.4452471595973	125.07697310532576	375.85851217869015	2.8535286235221258	9.431330638510415	4.3236869866297996	0.8195883674334639	3.4634541171584567	52.57122620276669	24.467402376779216	988518.0212818288	92229.99999999607	30.0	0.946190856317487	962.2110135620135	44.25522848809708	2151.325229871484	125.33669161428838	376.4479400504554	0.5938290959445989	10.757849719917594	2.9433697580625267	0.7335448680344075	3.11655171271814	50.251098182418886	24.817756140309346	988517.1228857635	92229.99999999607	30.0	0.946190856317487	962.2110135620135	44.25522848809708	2151.325229871484	125.33669161428838	376.4479400504554	0.5938290959445989	10.757849719917594	2.9433697580625267	0.7335448680344075	3.11655171271814	50.251098182418886	24.817756140309346	988517.1228857635	92229.99999999607	30.0	0.9478656757169706	0.0	0.0	0.0	0.0	0.0	0.597759830309012	10.761031897715347	2.987678630746919	0.7349244348401853	0.0	50.2866291372049	24.741173550086486	988502.6833736621	36891.99999999843	11.593373794834669	17.108938796948102	27.98764433437658	64.29501559808816	315.53011533582963	315.7137512896057	315.5144175891696	315.69812868205634	315.4987132538011	5359.951391148176	30.0	0.9478656757169706	1882.4124387704803	82.60323888103356	4196.6474099357665	245.31592056403602	739.622846712983	0.597759830309012	10.761031897715347	2.987678630746919	0.7349244348401853	5.878581482821711	50.2866291372049	24.741173550086486	988502.6833736621	18831.0
12	6.0	29.999999999999993	14.653497365616483	977.5625898848739	84.0120235250701	2165.7300934304985	126.03022644275356	379.15338088820283	0.4671379382259891	8.596768522033253	8.576993252739177	1.9739908204016072	5.199376715219065	56.93185097935818	20.01476532653553	988538.9591508292	92229.99999999764	30.0	3.1717227698771935	977.2802846794264	76.83334725337903	2174.9290506184298	125.93364256801665	379.61264421584644	0.005644862961151094	5.827328676768492	8.729709973921663	1.3052701935388453	4.865632832540089	59.436561282838156	22.81637273464247	988538.7168833269	92229.99999999607	30.0	1.6142733774845663	976.9975042835853	70.95117503099786	2176.607625622996	125.82868102707273	380.0719869933083	9.296895799411037e-05	4.212005013672989	9.123279071238086	0.9687328614957289	4.596021636223504	61.158474140066225	24.428887226888445	988538.4696737146	92229.99999999607	30.0	1.2389375135097174	976.6197117548717	59.81518864562732	2179.907570143235	126.35502790138533	380.6848372984442	2.116879460329411	6.837816613487263	6.61061950811137	0.8912908837286576	3.986275020756387	56.754076838618815	24.57729889560983	988538.1311212957	92229.99999999607	30.0	1.063278475341393	976.2410710603381	50.96341176145815	2181.5402942357623	126.86194199084898	381.2976527612275	2.818364762941278	9.433485237307853	4.192278134364003	0.8151446428729177	3.4948088453868933	52.45636071573234	24.676707169424162	988537.7832998636	92229.99999999607	30.0	0.9414972563365868	975.8615802909222	44.6386944722655	2181.443540447062	127.12271899175934	381.90981760360086	0.5830676939619276	10.744859332977178	2.821561289490848	0.7296802308220526	3.1474259768140302	50.1574325390043	25.03592176322943	988537.4259556471	92229.99999999607	30.0	0.9414972563365868	975.8615802909222	44.6386944722655	2181.443540447062	127.12271899175934	381.90981760360086	0.5830676939619276	10.744859332977178	2.821561289490848	0.7296802308220526	3.1474259768140302	50.1574325390043	25.03592176322943	988537.4259556471	92229.99999999607	30.0	0.9429950590710376	0.0	0.0	0.0	0.0	0.0	0.5864866092442049	10.749264611235454	2.860282395222441	0.7309134095417273	0.0	50.18695727977759	24.966061342990738	988531.6825242868	36891.99999999843	11.659471329903573	17.183681356317575	28.10500747074133	64.64973311340131	318.535696432567	318.7053186861552	318.52122596208665	318.69091708495307	318.5067494821318	5435.866886579982	30.0	0.9429950590710376	1909.0282085516121	83.82403420855026	4256.149845811167	248.7829752384903	750.0374516302185	0.5864866092442049	10.749264611235454	2.860282395222441	0.7309134095417273	5.9646056456530525	50.18695727977759	24.966061342990738	988531.6825242868	18831.0
13	6.5	29.999999999999993	14.650100734758293	990.0684412485299	84.4503861968665	2193.4600776503057	127.6633735007007	384.11524784030655	0.4595253784202132	8.584289202493315	8.490611056962614	1.9711950664523714	5.232420035933012	56.86836720991336	20.175531952897817	988546.1115046276	92229.99999999764	30.0	3.141408084561536	989.8071843797092	77.26238848163169	2202.6964635355453	127.56855198833722	384.59014009078015	0.005528490261414189	5.798505096922673	8.64828773779944	1.2982188546828881	4.898602024697936	59.39133544905877	22.993402198756446	988546.0151407918	92229.99999999607	30.0	1.6012323184421742	989.5454878369865	71.38074971374904	2204.376277760026	127.46545623882162	385.06513846494056	8.894508271905125e-05	4.175429401057168	9.044357620935395	0.9618010294037779	4.629470907717413	61.122033554635685	24.61401035025135	988545.9168111923	92229.99999999607	30.0	1.2316564009630797	989.1958633357591	60.207167725380316	2207.7150869329857	127.99999339664625	385.69891845425303	2.085306760702774	6.821708456258003	6.509229428683265	0.8862045226708548	4.01729096815635	56.68082994836421	24.766176363615017	988545.7821492617	92229.99999999607	30.0	1.0577667186652426	988.8454540627281	51.32696420255559	2209.3831903652076	128.51335519173674	386.33272319753786	2.786366680942865	9.431867321531849	4.0763356650337395	0.8111548313624776	3.523915727563261	52.358216086741585	24.86805336683114	988545.6438005064	92229.99999999607	30.0	0.9372901288942441	988.4942582518925	44.994657644676145	2209.3081707016336	128.77505591038272	386.9659319845393	0.5736586511146595	10.72904431570788	2.7147716307068905	0.7262174691220472	3.176067844253461	50.0792979545757	25.235388665284333	988545.501663988	92229.99999999607	30.0	0.9372901288942441	988.4942582518925	44.994657644676145	2209.3081707016336	128.77505591038272	386.9659319845393	0.5736586511146595	10.72904431570788	2.7147716307068905	0.7262174691220472	3.176067844253461	50.0792979545757	25.235388665284333	988545.501663988	92229.99999999607	30.0	0.938633287107061	0.0	0.0	0.0	0.0	0.0	0.5766509387571389	10.734313065343537	2.7487403926915372	0.7273229248955695	0.0	50.103942185839735	25.171493768637525	988543.2171682541	36891.99999999843	11.720657460447574	17.252676036775284	28.213073418484516	64.97624364173218	321.31182617467044	321.4685398885408	321.2984808391721	321.45525774992467	321.2851300128086	5506.112556527957	30.0	0.938633287107061	1933.6594314869817	84.94795805029965	4311.205876146459	251.99169977235684	759.6784432479169	0.5766509387571389	10.734313065343537	2.7487403926915372	0.7273229248955695	6.043896646904539	50.103942185839735	25.171493768637525	988543.2171682541	18831.0
14	7.0	29.999999999999993	14.647049158348343	1001.6419622612137	84.85567104304799	2219.117105779084	129.17454119704263	388.70846368055663	0.45283451173557904	8.570212317054873	8.414622774468572	1.9686840171400235	5.262983913859503	56.81524522933957	20.322767756722588	988548.9564105205	92229.99999999764	30.0	3.114068241038082	1001.4001807107396	77.65967559336923	2228.387269509293	129.08135500761608	389.19782106762466	0.005408419558917581	5.769555488802366	8.576884405494676	1.291798696156867	4.929133586985496	59.35489035037217	23.155439674583086	988548.9180810344	92229.99999999607	30.0	1.5895373159355004	1001.1579923414189	71.7795800377736	2230.067734611413	128.97998448102697	389.6873091398665	8.631450592303063e-05	4.139375618998118	8.975260798222376	0.9554891538242868	4.660512786001706	61.09365360980944	24.783448118145007	988548.87896965	92229.99999999607	30.0	1.225112216855027	1000.8344307468543	60.57128968516572	2233.4425463222897	129.52203879114606	390.34046015428146	2.0563658657759185	6.804269833101396	6.419606349826858	0.8816065310314778	4.046083913850787	56.61889864938262	24.93913554051515	988548.8254067904	92229.99999999607	30.0	1.052811752133472	1000.5101430240375	51.664642497366685	2235.1434862642277	130.04127006954562	390.9936911094114	2.757202824670741	9.427404123682424	3.9736836662037427	0.8075637768220967	3.5509317894077355	52.27399373614496	25.043305994735064	988548.7703774673	92229.99999999607	30.0	0.9335095843877411	1000.1851275392988	45.3250386108454	2235.088756660996	130.30378189876296	391.6463767621994	0.5653847115969496	10.71130225505197	2.6208011144756007	0.7231066402426493	3.2026358902577647	50.01389710019847	25.41809481231898	988548.7138415308	92229.99999999607	30.0	0.9335095843877411	1000.1851275392988	45.3250386108454	2235.088756660996	130.30378189876296	391.6463767621994	0.5653847115969496	10.71130225505197	2.6208011144756007	0.7231066402426493	3.2026358902577647	50.01389710019847	25.41809481231898	988548.7138415308	92229.99999999607	30.0	0.934717038576764	0.0	0.0	0.0	0.0	0.0	0.5680184238871003	10.71715482011884	2.650710528915192	0.7241001649720338	0.0	50.03453484610261	25.359554346657294	988547.8051650912	36891.99999999843	11.777298859806894	17.316382750020225	28.31262790355749	65.27694684812866	323.8766140568483	324.0214305987683	323.8643013905526	324.0091759830897	323.8519836995754	5571.113606541153	30.0	0.934717038576764	1956.4544286881905	85.9832393827	4362.149258912286	254.96136028892363	768.6031881161855	0.5680184238871003	10.71715482011884	2.650710528915192	0.7241001649720338	6.117011898524105	50.03453484610261	25.359554346657294	988547.8051650912	18831.0
15	7.5	29.999999999999993	14.644301287702195	1012.3528216760052	85.2304423048431	2242.8569256495202	130.57288115939372	392.9603819771814	0.4469228272273028	8.555108237061196	8.347541525238448	1.9664232296699033	5.291258191918861	56.77067146554072	20.457797738541878	988550.0879945866	92229.99999999764	30.0	3.0893549673939424	1012.1290602962711	78.0275787206634	2252.157629834851	130.48121206904352	393.4631273332317	0.005270281378014754	5.740899255127688	8.514040294560646	1.2859449429394292	4.95740884106698	59.32556410423238	23.303961144212217	988550.0727487272	92229.99999999607	30.0	1.579022536737542	1011.9049224909056	72.14982445961205	2253.8382548489694	130.38143656408306	393.96602599521316	8.558341696527841e-05	4.104202813153231	8.9145463051152	0.94973277885356	4.689317991686436	61.071737927694016	24.93874324585014	988550.0571918616	92229.99999999607	30.0	1.2192166852847064	1011.60547642533	60.90947313532911	2257.246419331896	130.93039467189317	394.63710540190954	2.0298185794292234	6.786046828545281	6.340121279133611	0.8774417584326979	4.072809635368031	56.56636487523787	25.09773245903071	988550.035886806	92229.99999999607	30.0	1.048347203397631	1011.305358480872	51.97822591768091	2258.977835224448	131.45497752647003	395.3083158516981	2.7305836621501975	9.420830554805583	3.8825019491254475	0.804324415482847	3.576003672360264	52.201448393004995	25.20403489884393	988550.0139984526	92229.99999999607	30.0	0.9301046366075326	1011.0045671462685	45.63163268120331	2258.942034272954	131.71820565867387	395.97902793170147	0.5580710393613673	10.69233049526146	2.5378201961959794	0.7203052785067797	3.2272778841351286	49.95900737485576	25.585673120649076	988549.9915108318	92229.99999999607	30.0	0.9301046366075326	1011.0045671462685	45.63163268120331	2258.942034272954	131.71820565867387	395.97902793170147	0.5580710393613673	10.69233049526146	2.5378201961959794	0.7203052785067797	3.2272778841351286	49.95900737485576	25.585673120649076	988549.9915108318	92229.99999999607	30.0	0.9311925286865713	0.0	0.0	0.0	0.0	0.0	0.5604010180524621	10.698549699522184	2.5642470376035256	0.7212003128290533	0.0	49.97633520313657	25.531969330763616	988549.6300775118	36891.99999999843	11.829734289246208	17.375221355493867	28.4043817930265	65.55401157770146	326.2466304822195	326.3804766731511	326.23526655206416	326.3691661132657	326.2238980177264	5631.263145571604	30.0	0.9311925286865713	1977.5504069412402	86.93731348060159	4409.28852542862	257.7097888209485	776.8648260908012	0.5604010180524621	10.698549699522184	2.5642470376035256	0.7212003128290533	6.184457307188787	49.97633520313657	25.531969330763616	988549.6300775118	18831.0
16	8.0	29.999999999999993	14.641821726157284	1022.2654679983247	85.57705248872657	2264.82348444546	131.86685317052735	396.89633743154155	0.4416747747831299	8.539418828798945	8.28812611347621	1.9643832693050192	5.31741744019997	56.73318332093637	20.58176808511896	988550.5380911907	92229.99999999764	30.0	3.0669973067974743	1022.0583806701309	78.36831681035906	2274.151810555631	131.77658920337967	397.4114737949733	0.005213450581201512	5.712819482567523	8.458551574778966	1.2805987970364803	4.983597275788821	59.30206183007572	23.440262463236074	988550.5320270277	92229.99999999607	30.0	1.569546307222615	1021.8509450324169	72.49349136884395	2275.8322305435777	131.67829035506972	397.92678430144207	8.166600477465902e-05	4.070168226159059	8.861013170266759	0.9444757586773445	4.716045177598923	61.05501581446724	25.081231589492162	988550.52583916	92229.99999999607	30.0	1.213894280396969	1021.5738130282315	61.22351224049369	2279.2712925780093	132.2335925442974	398.614456902087	2.0054511257510628	6.76746070089579	6.269408096108401	0.8736625814321896	4.09761338925704	56.521675221471696	25.24331567512771	988550.5173649042	92229.99999999607	30.0	1.044316200791339	1021.2960593300387	52.269380266634094	2281.0309926712944	132.76306175699887	399.30230786522174	2.7062553370400773	9.412728875420301	3.801261643581913	0.8013963629177079	3.5992681943037983	52.138748566253014	25.351600483684244	988550.5086586364	92229.99999999607	30.0	0.9270316154826006	1021.0176825397958	45.91611566798637	2281.0128388201324	133.0269257774862	399.9897039386282	0.5515757671879584	10.67266908934604	2.4643010759655493	0.7177770750962051	3.2501313966771708	49.912833781789146	25.73953946146953	988550.4997140055	92229.99999999607	30.0	0.9270316154826006	1021.0176825397958	45.91611566798637	2281.0128388201324	133.0269257774862	399.9897039386282	0.5515757671879584	10.67266908934604	2.4643010759655493	0.7177770750962051	3.2501313966771708	49.912833781789146	25.73953946146953	988550.4997140055	92229.99999999607	30.0	0.9280137843367828	0.0	0.0	0.0	0.0	0.0	0.5536465723518288	10.679086875957301	2.487727339483463	0.7185851212363497	0.0	49.927415259314564	25.69022204118748	988550.3559510161	36891.99999999843	11.878276877004426	17.429575769743906	28.488979720928842	65.80940270502965	328.43705874795904	328.56078494380245	328.426567188022	328.5503424887878	328.41607140436207	5686.924633080494	30.0	0.9280137843367828	1997.0742923722532	87.81691543967007	4452.908905766797	260.2534885201814	784.5125753418234	0.5536465723518288	10.679086875957301	2.487727339483463	0.7185851212363497	6.24669301096815	49.927415259314564	25.69022204118748	988550.3559510161	18831.0
17	8.5	29.999999999999993	14.639580005061495	1031.4395211654846	85.89766210282123	2285.1498352921926	133.0642781163937	400.5397922749131	0.4369959145966146	8.523484631628735	8.235336028757818	1.9625388505157884	5.34162231324992	56.70158909416986	20.69568710839716	988550.7171207159	92229.99999999764	30.0	3.0467106032588624	1031.2478626161294	78.68387999466486	2294.503215110641	132.97531704648156	401.06639694224657	0.005128580670827118	5.6855661982368835	8.409390082523368	1.2757122194730153	5.007851771929629	59.28327982937862	23.56544988512504	988550.7147086468	92229.99999999607	30.0	1.5609884545050179	1031.0558817671563	72.8124548333815	2296.1830985766137	132.87838338414866	401.5931949505866	7.988365629734252e-05	4.037446715874822	8.813659134294182	0.9396685877329584	4.7408421397365474	61.042470040666274	25.212090079441587	988550.7122473732	92229.99999999607	30.0	1.209080010290246	1030.7993973173252	61.51508334656189	2299.650786196864	133.43951854749162	402.29622501285985	1.983071050366626	6.748834222819738	6.206316072161675	0.8702276761198618	4.120630553121931	56.48355818871148	25.3770725298265	988550.7088766702	92229.99999999607	30.0	1.0406697536886533	1030.5423375989353	52.53966337822254	2301.436735145623	133.97345511023474	402.99947725333703	2.68399440502684	9.403559644971708	3.7286729655569615	0.7987447871105182	3.6208529226883486	52.08438523052858	25.487200695506203	988550.7054136825	92229.99999999607	30.0	0.9242529128716067	1030.284701318663	46.180050293385406	2301.4350237519943	134.23788632066658	403.70231488187915	0.5457828620033001	10.65273402134166	2.398962485639602	0.7154908252669893	3.2713244231553906	49.873912563410386	25.880940983936895	988550.7018558837	92229.99999999607	30.0	0.9242529128716067	1030.284701318663	46.180050293385406	2301.4350237519943	134.23788632066658	403.70231488187915	0.5457828620033001	10.65273402134166	2.398962485639602	0.7154908252669893	3.2713244231553906	49.873912563410386	25.880940983936895	988550.7018558837	92229.99999999607	30.0	0.9251412866908918	0.0	0.0	0.0	0.0	0.0	0.5476309869732227	10.659221094119447	2.4197926868694184	0.7162217767778241	0.0	49.886207780618506	25.835612590176265	988550.6446730042	36891.99999999843	11.923216168545462	17.479797532914116	28.567007455475878	66.04490405188378	330.4618278878458	330.57621509147197	330.45213907611077	330.5665714902871	330.44244638576515	5738.434136294324	30.0	0.9251412866908918	2015.143501871458	88.62815963394642	4493.27410520485	262.60773161997355	791.5920167289314	0.5476309869732227	10.659221094119447	2.4197926868694184	0.7162217767778241	6.304138296783306	49.886207780618506	25.835612590176265	988550.6446730042	18831.0
18	9.0	29.999999999999993	14.637549766864064	1039.9301349678724	86.19425723251896	2303.958972415718	134.1723868029794	403.9124726208944	0.4328084622056436	8.507566093920127	8.188295210811676	1.960868147038645	5.3640207689581665	56.67491147502703	20.800450509140447	988550.7883311424	92229.99999999764	30.0	3.0282704279201353	1039.7527532006156	78.97613370672802	2313.335111907549	134.08463377501528	404.44969163263585	0.0050092790650209384	5.659298164375155	8.365701443974272	1.271241110120557	5.030315363504562	59.26834647539296	23.68052035916241	988550.7873717225	92229.99999999607	30.0	1.5532450953951304	1039.5750731955775	73.10845779869426	2315.014189325238	133.98896207937398	404.98712167653804	8.040093356281477e-05	4.006152677038642	8.771642721601454	0.9352677622594774	4.76384619763029	61.03327799867385	25.332363238981	988550.7863927311	92229.99999999607	30.0	1.2047176809372546	1039.3376946223445	61.785751801536506	2318.5083984078296	134.5554629315107	405.7043655465092	1.962504864031725	6.730412247352938	6.149871602591307	0.867101017710833	4.141987257204961	56.4509660043425	25.500058177743686	988550.7850520067	92229.99999999607	30.0	1.0373654550724065	1039.0997837288203	52.79053087031686	2320.3187059215015	135.09348852758947	406.4218721654968	2.663603446237003	9.393686133051807	3.6636430033870893	0.7963395021009024	3.6408767402251847	52.03710675765576	25.611900362220904	988550.7836745759	92229.99999999607	30.0	0.9217359810567004	1038.8613393185417	46.424892800475455	2320.332306164953	135.35842783054287	407.1390014808411	0.5405966873697274	10.63284318927588	2.340725237183878	0.7134195820023113	3.2909759988180247	49.84104264948673	26.01098638473088	988550.782259433	92229.99999999607	30.0	0.9217359810567004	1038.8613393185417	46.424892800475455	2320.332306164953	135.35842783054287	407.1390014808411	0.5405966873697274	10.63284318927588	2.340725237183878	0.7134195820023113	3.2909759988180247	49.84104264948673	26.01098638473088	988550.782259433	92229.99999999607	30.0	0.9225408911484779	0.0	0.0	0.0	0.0	0.0	0.5422522489190951	10.639300901773723	2.3593003425059487	0.7140819891861729	0.0	49.8514294266753	25.96929339151046	988550.7595144846	36891.99999999843	11.964819982104208	17.526208927004244	28.63899823712922	66.26213808658025	332.33372955626544	332.4394957130553	332.3247799071508	332.430587713285	332.31582669323404	5786.102413060287	30.0	0.9225408911484779	2031.866656883762	89.3766077611639	4530.627943583616	264.78665052327096	798.1453586619548	0.5422522489190951	10.639300901773723	2.3593003425059487	0.7140819891861729	6.357175848336624	49.8514294266753	25.96929339151046	988550.7595144846	18831.0
19	9.5	29.999999999999993	14.635708106882024	1047.7883323692972	86.46866520754483	2321.3646008629635	135.1978649749974	407.034495345959	0.4290478685982684	8.491860293153838	8.14626286347034	1.9593522334392595	5.38474916361401	56.65234531491154	20.896858911535766	988550.8166556648	92229.99999999764	30.0	3.0115088433771087	1047.6241616593052	79.24683360323868	2330.76140703504	135.11122996765837	407.58153837603174	0.004959149545811222	5.634095755536524	8.326776931887144	1.2671443301480572	5.0511223322543835	59.25658411261009	23.78638223211753	988550.8162740476	92229.99999999607	30.0	1.546225821360525	1047.4597149715894	73.38312083409244	2332.439503326369	135.01672685710614	408.12880874374	7.807933734511725e-05	3.9763542559857084	8.73425424640204	0.9312349295581432	4.785184916760261	61.02677166654143	25.442983485605524	988550.8158846459	92229.99999999607	30.0	1.2007584821779602	1047.240016053186	62.03697858056305	2335.958283233696	135.5881656564691	408.859207999058	1.9435958888134903	6.712377966675996	6.099247309765192	0.8642510667877161	4.161800983774871	56.423031121136724	25.613215944959716	988550.8153513616	92229.99999999607	30.0	1.034366433015509	1047.0198245467152	53.023341903064406	2337.7911936365517	136.12993793812478	409.58990756906144	2.644907401285329	9.383393712262933	3.6052415953362913	0.7941542331019905	3.6594503907601554	51.99586987971643	25.726651720802614	988550.814803477	92229.99999999607	30.0	0.9194525250444671	1046.7991393452935	46.65199950208474	2337.8190453180705	136.39533415691997	410.3202643906228	0.5359378261998472	10.61323687640068	2.2886764160726205	0.7115399705248857	3.3091967923833585	49.81323416561872	26.13066716149424	988550.8142405924	92229.99999999607	30.0	0.9194525250444671	1046.7991393452935	46.65199950208474	2337.8190453180705	136.39533415691997	410.3202643906228	0.5359378261998472	10.61323687640068	2.2886764160726205	0.7115399705248857	3.3091967923833585	49.81323416561872	26.13066716149424	988550.8142405924	92229.99999999607	30.0	0.9201829592749415	0.0	0.0	0.0	0.0	0.0	0.5374258643918587	10.619590836567944	2.305285069133003	0.7121412556215153	0.0	49.82202407770149	26.092293073196732	988550.805193606	36891.99999999843	12.00333609610397	17.56910572000707	28.70543826730986	66.4625829653692	334.0645214758329	334.1623270759155	334.0562528276744	334.15409681605837	334.04798090058034	5830.216834248547	30.0	0.9201829592749415	2047.3442438106376	90.0673275314654	4565.195868360514	266.8033224042279	804.2116835579327	0.5374258643918587	10.619590836567944	2.305285069133003	0.7121412556215153	6.406155440919807	49.82202407770149	26.092293073196732	988550.805193606	18831.0
20	10.0	29.999999999999993	14.634035038414115	1055.0613157214782	86.72256860666532	2337.4718461576263	136.1468948426345	409.92448606097145	0.42566017766639835	8.476514151149571	8.108609880737786	1.9579746301840175	5.403933237819339	56.63322494718078	20.985631147833768	988550.8279219696	92229.99999999764	30.0	2.9962335254629013	1054.9093701364982	79.49755021190046	2346.887468011947	136.06129581912637	410.48062168125193	0.004892641024335794	5.610046041079745	8.291997090539594	1.2633886237699135	5.070393533778394	59.2473866379611	23.88382029205876	988550.8277701783	92229.99999999607	30.0	1.539853025156581	1054.757169167409	73.63795585833464	2348.5644219963815	135.96787334618378	411.0369996705246	7.703434815151866e-05	3.9480809814107434	8.700894399056295	0.9275358162024876	4.804977140849633	61.022411519433405	25.544788599427267	988550.8276152903	92229.99999999607	30.0	1.1971598227015583	1054.5538304669813	62.270126643975594	2352.1059670083096	136.54385843598396	411.77957477670157	1.926202263151926	6.69486581835854	6.053737004939897	0.8616501054132416	4.180181132435408	56.399032467453715	25.717392845362337	988550.8274031723	92229.99999999607	30.0	1.0316404969135247	1054.3500359362035	53.239364847589385	2353.9598495753353	137.08906696298035	412.5224849802195	2.627750507400301	9.372905311635119	3.5526736574946294	0.7921660164512278	3.6766770020172457	51.95980146474799	25.832310053883205	988550.8271852469	92229.99999999607	30.0	0.9173778457150653	1054.1457845510495	46.86263314040783	2354.000959845662	137.35487549921228	413.26508443851026	0.5317398509679074	10.59409393623132	2.2420404522397828	0.7098316295267646	3.326089671428303	49.78966846996542	26.240873840566014	988550.8269613549	92229.99999999607	30.0	0.9173778457150653	1054.1457845510495	46.86263314040783	2354.000959845662	137.35487549921228	413.26508443851026	0.5317398509679074	10.59409393623132	2.2420404522397828	0.7098316295267646	3.326089671428303	49.78966846996542	26.240873840566014	988550.8269613549	92229.99999999607	30.0	0.9180416549235095	0.0	0.0	0.0	0.0	0.0	0.5330813354283284	10.600288947054656	2.256928046968847	0.7103782623396784	0.0	49.79711932600734	26.20553421747105	988550.8233628446	36891.99999999843	12.038993789565211	17.608759594658153	28.766771490007574	66.64758736055872	335.66501946904833	335.7554725552781	335.6573785501436	335.7478670349385	335.6497346132195	5871.043158391634	30.0	0.9180416549235095	2061.6692249542575	90.7049436120984	4597.18635125101	268.6698477155377	809.8271769893287	0.5330813354283284	10.600288947054656	2.256928046968847	0.7103782623396784	6.451397174811689	49.79711932600734	26.20553421747105	988550.8233628446	18831.0
